Timestamp,RFID Tag,Antenna,Time Between Stamps
2024-05-30 15:36:36,E200 1AC1 9627 E100 1039 0F83,0,0
2024-05-30 15:36:39,E200 1AC1 9627 E100 1039 0F83,0,3.005
2024-05-30 15:36:42,E200 1AC1 9627 E100 1039 0F83,0,3.007
2024-05-30 15:36:45,E200 1AC1 9627 E100 1039 0F83,0,3.005
2024-05-30 15:36:48,E200 1AC1 9627 E100 1039 0F83,0,3.004
2024-05-30 15:36:51,E200 1AC1 9627 E100 1039 0F83,0,3.004
2024-05-30 15:36:54,E200 1AC1 9627 E100 1039 0F83,0,3.006
2024-05-30 15:36:57,E200 1AC1 9627 E100 1039 0F83,0,3.006
2024-05-30 15:37:00,E200 1AC1 9627 E100 1039 0F83,0,3.004
2024-05-30 15:37:03,E200 1AC1 9627 E100 1039 0F83,0,3.005
2024-05-30 15:37:06,E200 1AC1 9627 E100 1039 0F83,0,3.005
2024-05-30 15:37:09,E200 1AC1 9627 E100 1039 0F83,0,3.004
2024-05-30 15:37:12,E200 1AC1 9627 E100 1039 0F83,0,3.005
2024-05-30 15:37:15,E200 1AC1 9627 E100 1039 0F83,0,3.006
2024-05-30 15:37:18,E200 1AC1 9627 E100 1039 0F83,0,3.005
2024-05-30 15:37:19,E200 1AC1 9627 C000 1039 0EFF,0,0
Timestamp,RFID Tag,Antenna,Time Between Stamps
2024-05-30 15:38:33,E200 1AC1 9627 E100 1039 0F83,0,0
2024-05-30 15:38:35,E200 1AC1 9627 C000 1039 0EFF,0,0
2024-05-30 15:38:41,E200 1AC1 9627 E100 1039 0F83,0,8.009
2024-05-30 15:38:43,E200 1AC1 9627 C000 1039 0EFF,0,8.008
2024-05-30 15:38:49,E200 1AC1 9627 E100 1039 0F83,0,8.008
2024-05-30 15:38:51,E200 1AC1 9627 C000 1039 0EFF,0,8.008
2024-05-30 15:38:57,E200 1AC1 9627 E100 1039 0F83,0,8.008
2024-05-30 15:38:59,E200 1AC1 9627 C000 1039 0EFF,0,8.008
2024-05-30 15:39:05,E200 1AC1 9627 E100 1039 0F83,0,8.007
2024-05-30 15:39:07,E200 1AC1 9627 C000 1039 0EFF,0,8.008
2024-05-30 15:39:13,E200 1AC1 9627 E100 1039 0F83,0,8.01
2024-05-30 15:39:15,E200 1AC1 9627 C000 1039 0EFF,0,8.012
2024-05-30 15:39:21,E200 1AC1 9627 E100 1039 0F83,0,8.007
2024-05-30 15:39:23,E200 1AC1 9627 C000 1039 0EFF,0,8.007
2024-05-30 15:39:29,E200 1AC1 9627 E100 1039 0F83,0,8.009
2024-05-30 15:39:31,E200 1AC1 9627 C000 1039 0EFF,0,8.011
2024-05-30 15:39:37,E200 1AC1 9627 E100 1039 0F83,0,8.01
2024-05-30 15:39:39,E200 1AC1 9627 C000 1039 0EFF,0,8.008
2024-05-30 15:39:45,E200 1AC1 9627 E100 1039 0F83,0,8.009
2024-05-30 15:39:47,E200 1AC1 9627 C000 1039 0EFF,0,8.008
2024-05-30 15:39:53,E200 1AC1 9627 E100 1039 0F83,0,8.008
2024-05-30 15:39:55,E200 1AC1 9627 C000 1039 0EFF,0,8.007
2024-05-30 15:40:01,E200 1AC1 9627 E100 1039 0F83,0,8.007
2024-05-30 15:40:03,E200 1AC1 9627 C000 1039 0EFF,0,8.009
2024-05-30 15:40:09,E200 1AC1 9627 E100 1039 0F83,0,8.007
2024-05-30 15:40:11,E200 1AC1 9627 C000 1039 0EFF,0,8.006
2024-05-30 15:40:17,E200 1AC1 9627 E100 1039 0F83,0,8.01
2024-05-30 15:40:20,E200 1AC1 9627 C000 1039 0EFF,0,8.011
2024-05-30 15:40:26,E200 1AC1 9627 E100 1039 0F83,0,8.008
2024-05-30 15:40:28,E200 1AC1 9627 C000 1039 0EFF,0,8.007
2024-05-30 15:40:34,E200 1AC1 9627 E100 1039 0F83,0,8.008
2024-05-30 15:40:36,E200 1AC1 9627 C000 1039 0EFF,0,8.007
2024-05-30 15:40:42,E200 1AC1 9627 E100 1039 0F83,0,8.007
2024-05-30 15:40:44,E200 1AC1 9627 C000 1039 0EFF,0,8.008
2024-05-30 15:40:50,E200 1AC1 9627 E100 1039 0F83,0,8.008
2024-05-30 15:40:52,E200 1AC1 9627 C000 1039 0EFF,0,8.008
2024-05-30 15:40:58,E200 1AC1 9627 E100 1039 0F83,0,8.008
2024-05-30 15:41:00,E200 1AC1 9627 C000 1039 0EFF,0,8.007
2024-05-30 15:41:06,E200 1AC1 9627 E100 1039 0F83,0,8.008
2024-05-30 15:41:08,E200 1AC1 9627 C000 1039 0EFF,0,8.009
2024-05-30 15:41:14,E200 1AC1 9627 E100 1039 0F83,0,8.009
2024-05-30 15:41:16,E200 1AC1 9627 C000 1039 0EFF,0,8.007
2024-05-30 15:41:22,E200 1AC1 9627 E100 1039 0F83,0,8.009
2024-05-30 15:41:24,E200 1AC1 9627 C000 1039 0EFF,0,8.008
2024-05-30 15:41:32,E200 1AC1 9627 E100 1039 0F83,0,10.009
2024-05-30 15:41:34,E200 1AC1 9627 E100 1039 0F83,0,2.002
2024-05-30 15:41:40,E200 1AC1 9627 E100 1039 0F83,0,6.003
2024-05-30 15:41:42,E200 1AC1 9627 E100 1039 0F83,0,2.003
2024-05-30 15:41:48,E200 1AC1 9627 E100 1039 0F83,0,6.005
2024-05-30 15:41:50,E200 1AC1 9627 E100 1039 0F83,0,2.002
2024-05-30 15:41:56,E200 1AC1 9627 E100 1039 0F83,0,6.005
2024-05-30 15:41:58,E200 1AC1 9627 E100 1039 0F83,0,2.002
2024-05-30 15:42:04,E200 1AC1 9627 E100 1039 0F83,0,6.006
2024-05-30 15:42:06,E200 1AC1 9627 E100 1039 0F83,0,2.003
2024-05-30 15:42:12,E200 1AC1 9627 E100 1039 0F83,0,6.005
2024-05-30 15:42:14,E200 1AC1 9627 E100 1039 0F83,0,2.002
2024-05-30 15:42:20,E200 1AC1 9627 E100 1039 0F83,0,6.005
2024-05-30 15:42:22,E200 1AC1 9627 E100 1039 0F83,0,2.003
2024-05-30 15:42:28,E200 1AC1 9627 E100 1039 0F83,0,6.004
2024-05-30 15:42:30,E200 1AC1 9627 E100 1039 0F83,0,2.003
2024-05-30 15:42:36,E200 1AC1 9627 E100 1039 0F83,0,6.004
2024-05-30 15:42:38,E200 1AC1 9627 E100 1039 0F83,0,2.002
2024-05-30 15:42:44,E200 1AC1 9627 E100 1039 0F83,0,6.006
2024-05-30 15:42:46,E200 1AC1 9627 E100 1039 0F83,0,2.003
2024-05-30 15:42:52,E200 1AC1 9627 E100 1039 0F83,0,6.007
2024-05-30 15:42:54,E200 1AC1 9627 E100 1039 0F83,0,2.003
2024-05-30 15:43:00,E200 1AC1 9627 E100 1039 0F83,0,6.006
2024-05-30 15:43:02,E200 1AC1 9627 E100 1039 0F83,0,2.002
2024-05-30 15:43:08,E200 1AC1 9627 E100 1039 0F83,0,6.005
2024-05-30 15:43:10,E200 1AC1 9627 E100 1039 0F83,0,2.003
2024-05-30 15:43:16,E200 1AC1 9627 E100 1039 0F83,0,6.004
2024-05-30 15:43:18,E200 1AC1 9627 E100 1039 0F83,0,2.003
2024-05-30 15:43:24,E200 1AC1 9627 E100 1039 0F83,0,6.005
2024-05-30 15:43:26,E200 1AC1 9627 E100 1039 0F83,0,2.003
2024-05-30 15:43:32,E200 1AC1 9627 E100 1039 0F83,0,6.004
2024-05-30 15:43:34,E200 1AC1 9627 E100 1039 0F83,0,2.002
2024-05-30 15:43:40,E200 1AC1 9627 E100 1039 0F83,0,6.005
2024-05-30 15:43:42,E200 1AC1 9627 E100 1039 0F83,0,2.003
2024-05-30 15:43:50,E200 1AC1 9627 E100 1039 0F83,0,8.006
2024-05-30 15:43:52,E200 1AC1 9627 E100 1039 0F83,0,2.003
2024-05-30 15:43:58,E200 1AC1 9627 E100 1039 0F83,0,6.005
2024-05-30 15:44:00,E200 1AC1 9627 E100 1039 0F83,0,2.003
2024-05-30 15:44:06,E200 1AC1 9627 E100 1039 0F83,0,6.004
2024-05-30 15:44:08,E200 1AC1 9627 E100 1039 0F83,0,2.003
2024-05-30 15:44:14,E200 1AC1 9627 E100 1039 0F83,0,6.004
2024-05-30 15:44:16,E200 1AC1 9627 E100 1039 0F83,0,2.004
2024-05-30 15:44:22,E200 1AC1 9627 E100 1039 0F83,0,6.005
2024-05-30 15:44:24,E200 1AC1 9627 E100 1039 0F83,0,2.003
2024-05-30 15:44:30,E200 1AC1 9627 E100 1039 0F83,0,6.004
2024-05-30 15:44:32,E200 1AC1 9627 E100 1039 0F83,0,2.003
2024-05-30 15:44:38,E200 1AC1 9627 E100 1039 0F83,0,6.004
2024-05-30 15:44:40,E200 1AC1 9627 E100 1039 0F83,0,2.002
2024-05-30 15:44:46,E200 1AC1 9627 E100 1039 0F83,0,6.004
2024-05-30 15:44:48,E200 1AC1 9627 E100 1039 0F83,0,2.003
2024-05-30 15:44:54,E200 1AC1 9627 E100 1039 0F83,0,6.004
2024-05-30 15:44:56,E200 1AC1 9627 E100 1039 0F83,0,2.003
2024-05-30 15:45:02,E200 1AC1 9627 E100 1039 0F83,0,6.005
2024-05-30 15:45:04,E200 1AC1 9627 E100 1039 0F83,0,2.002
2024-05-30 15:45:10,E200 1AC1 9627 E100 1039 0F83,0,6.005
2024-05-30 15:45:12,E200 1AC1 9627 E100 1039 0F83,0,2.003
2024-05-30 15:45:18,E200 1AC1 9627 E100 1039 0F83,0,6.004
2024-05-30 15:45:20,E200 1AC1 9627 E100 1039 0F83,0,2.003
2024-05-30 15:45:26,E200 1AC1 9627 E100 1039 0F83,0,6.005
2024-05-30 15:45:28,E200 1AC1 9627 E100 1039 0F83,0,2.003
2024-05-30 15:45:34,E200 1AC1 9627 E100 1039 0F83,0,6.005
2024-05-30 15:45:36,E200 1AC1 9627 E100 1039 0F83,0,2.003
2024-05-30 15:45:42,E200 1AC1 9627 E100 1039 0F83,0,6.004
2024-05-30 15:45:44,E200 1AC1 9627 E100 1039 0F83,0,2.003
2024-05-30 15:45:50,E200 1AC1 9627 E100 1039 0F83,0,6.004
2024-05-30 15:45:52,E200 1AC1 9627 E100 1039 0F83,0,2.004
2024-05-30 15:45:58,E200 1AC1 9627 E100 1039 0F83,0,6.004
2024-05-30 15:46:00,E200 1AC1 9627 E100 1039 0F83,0,2.003
2024-05-30 15:46:08,E200 1AC1 9627 E100 1039 0F83,0,8.006
2024-05-30 15:46:10,E200 1AC1 9627 E100 1039 0F83,0,2.003
2024-05-30 15:46:16,E200 1AC1 9627 E100 1039 0F83,0,6.005
2024-05-30 15:46:18,E200 1AC1 9627 E100 1039 0F83,0,2.003
2024-05-30 15:46:24,E200 1AC1 9627 E100 1039 0F83,0,6.005
2024-05-30 15:46:26,E200 1AC1 9627 E100 1039 0F83,0,2.003
2024-05-30 15:46:32,E200 1AC1 9627 E100 1039 0F83,0,6.005
2024-05-30 15:46:34,E200 1AC1 9627 E100 1039 0F83,0,2.003
2024-05-30 15:46:40,E200 1AC1 9627 E100 1039 0F83,0,6.005
2024-05-30 15:46:42,E200 1AC1 9627 E100 1039 0F83,0,2.003
2024-05-30 15:46:48,E200 1AC1 9627 E100 1039 0F83,0,6.004
2024-05-30 15:46:50,E200 1AC1 9627 E100 1039 0F83,0,2.003
2024-05-30 15:46:56,E200 1AC1 9627 E100 1039 0F83,0,6.007
2024-05-30 15:46:58,E200 1AC1 9627 E100 1039 0F83,0,2.004
2024-05-30 15:47:04,E200 1AC1 9627 E100 1039 0F83,0,6.005
2024-05-30 15:47:06,E200 1AC1 9627 E100 1039 0F83,0,2.001
2024-05-30 15:47:12,E200 1AC1 9627 E100 1039 0F83,0,6.006
2024-05-30 15:47:14,E200 1AC1 9627 E100 1039 0F83,0,2.003
2024-05-30 15:47:20,E200 1AC1 9627 E100 1039 0F83,0,6.005
2024-05-30 15:47:22,E200 1AC1 9627 E100 1039 0F83,0,2.002
2024-05-30 15:47:28,E200 1AC1 9627 E100 1039 0F83,0,6.004
2024-05-30 15:47:30,E200 1AC1 9627 E100 1039 0F83,0,2.003
2024-05-30 15:47:36,E200 1AC1 9627 E100 1039 0F83,0,6.003
2024-05-30 15:47:38,E200 1AC1 9627 E100 1039 0F83,0,2.004
2024-05-30 15:47:44,E200 1AC1 9627 E100 1039 0F83,0,6.004
2024-05-30 15:47:46,E200 1AC1 9627 E100 1039 0F83,0,2.002
2024-05-30 15:47:52,E200 1AC1 9627 E100 1039 0F83,0,6.004
2024-05-30 15:47:54,E200 1AC1 9627 E100 1039 0F83,0,2.004
2024-05-30 15:48:00,E200 1AC1 9627 E100 1039 0F83,0,6.005
2024-05-30 15:48:02,E200 1AC1 9627 E100 1039 0F83,0,2.003
2024-05-30 15:48:08,E200 1AC1 9627 E100 1039 0F83,0,6.006
2024-05-30 15:48:10,E200 1AC1 9627 E100 1039 0F83,0,2.002
2024-05-30 15:48:16,E200 1AC1 9627 E100 1039 0F83,0,6.006
2024-05-30 15:48:18,E200 1AC1 9627 E100 1039 0F83,0,2.002
2024-05-30 15:48:26,E200 1AC1 9627 E100 1039 0F83,0,8.007
2024-05-30 15:48:28,E200 1AC1 9627 E100 1039 0F83,0,2.002
2024-05-30 15:48:34,E200 1AC1 9627 E100 1039 0F83,0,6.004
2024-05-30 15:48:36,E200 1AC1 9627 E100 1039 0F83,0,2.001
2024-05-30 15:48:42,E200 1AC1 9627 E100 1039 0F83,0,6.006
2024-05-30 15:48:44,E200 1AC1 9627 E100 1039 0F83,0,2.002
2024-05-30 15:48:50,E200 1AC1 9627 E100 1039 0F83,0,6.005
2024-05-30 15:48:52,E200 1AC1 9627 E100 1039 0F83,0,2.002
2024-05-30 15:48:58,E200 1AC1 9627 E100 1039 0F83,0,6.005
2024-05-30 15:49:00,E200 1AC1 9627 E100 1039 0F83,0,2.003
2024-05-30 15:49:06,E200 1AC1 9627 E100 1039 0F83,0,6.005
2024-05-30 15:49:08,E200 1AC1 9627 E100 1039 0F83,0,2.003
2024-05-30 15:49:14,E200 1AC1 9627 E100 1039 0F83,0,6.005
2024-05-30 15:49:16,E200 1AC1 9627 E100 1039 0F83,0,2.003
2024-05-30 15:49:22,E200 1AC1 9627 E100 1039 0F83,0,6.006
2024-05-30 15:49:24,E200 1AC1 9627 E100 1039 0F83,0,2.003
2024-05-30 15:49:30,E200 1AC1 9627 E100 1039 0F83,0,6.009
2024-05-30 15:49:32,E200 1AC1 9627 E100 1039 0F83,0,2.003
2024-05-30 15:49:38,E200 1AC1 9627 E100 1039 0F83,0,6.005
2024-05-30 15:49:40,E200 1AC1 9627 E100 1039 0F83,0,2.003
2024-05-30 15:49:46,E200 1AC1 9627 E100 1039 0F83,0,6.005
2024-05-30 15:49:48,E200 1AC1 9627 E100 1039 0F83,0,2.003
2024-05-30 15:49:54,E200 1AC1 9627 E100 1039 0F83,0,6.005
2024-05-30 15:49:56,E200 1AC1 9627 E100 1039 0F83,0,2.003
2024-05-30 15:50:02,E200 1AC1 9627 E100 1039 0F83,0,6.004
2024-05-30 15:50:04,E200 1AC1 9627 E100 1039 0F83,0,2.003
2024-05-30 15:50:10,E200 1AC1 9627 E100 1039 0F83,0,6.005
2024-05-30 15:50:12,E200 1AC1 9627 E100 1039 0F83,0,2.003
2024-05-30 15:50:18,E200 1AC1 9627 E100 1039 0F83,0,6.005
2024-05-30 15:50:20,E200 1AC1 9627 E100 1039 0F83,0,2.003
2024-05-30 15:50:26,E200 1AC1 9627 E100 1039 0F83,0,6.005
2024-05-30 15:50:28,E200 1AC1 9627 E100 1039 0F83,0,2.003
2024-05-30 15:50:34,E200 1AC1 9627 E100 1039 0F83,0,6.004
2024-05-30 15:50:36,E200 1AC1 9627 E100 1039 0F83,0,2.003
2024-05-30 15:50:44,E200 1AC1 9627 E100 1039 0F83,0,8.006
2024-05-30 15:50:46,E200 1AC1 9627 E100 1039 0F83,0,2.003
2024-05-30 15:50:52,E200 1AC1 9627 E100 1039 0F83,0,6.004
2024-05-30 15:50:54,E200 1AC1 9627 E100 1039 0F83,0,2.003
2024-05-30 15:51:00,E200 1AC1 9627 E100 1039 0F83,0,6.005
2024-05-30 15:51:02,E200 1AC1 9627 E100 1039 0F83,0,2.004
2024-05-30 15:51:08,E200 1AC1 9627 E100 1039 0F83,0,6.004
2024-05-30 15:51:10,E200 1AC1 9627 E100 1039 0F83,0,2.003
2024-05-30 15:51:16,E200 1AC1 9627 E100 1039 0F83,0,6.004
2024-05-30 15:51:18,E200 1AC1 9627 E100 1039 0F83,0,2.003
2024-05-30 15:51:24,E200 1AC1 9627 E100 1039 0F83,0,6.005
2024-05-30 15:51:26,E200 1AC1 9627 E100 1039 0F83,0,2.003
2024-05-30 15:51:32,E200 1AC1 9627 E100 1039 0F83,0,6.005
2024-05-30 15:51:34,E200 1AC1 9627 E100 1039 0F83,0,2.003
2024-05-30 15:51:40,E200 1AC1 9627 E100 1039 0F83,0,6.005
2024-05-30 15:51:42,E200 1AC1 9627 E100 1039 0F83,0,2.003
2024-05-30 15:51:48,E200 1AC1 9627 E100 1039 0F83,0,6.005
2024-05-30 15:51:50,E200 1AC1 9627 E100 1039 0F83,0,2.006
2024-05-30 15:51:56,E200 1AC1 9627 E100 1039 0F83,0,6.004
2024-05-30 15:51:58,E200 1AC1 9627 E100 1039 0F83,0,2.003
2024-05-30 15:52:04,E200 1AC1 9627 E100 1039 0F83,0,6.005
2024-05-30 15:52:06,E200 1AC1 9627 E100 1039 0F83,0,2.002
2024-05-30 15:52:12,E200 1AC1 9627 E100 1039 0F83,0,6.004
2024-05-30 15:52:14,E200 1AC1 9627 E100 1039 0F83,0,2.003
2024-05-30 15:52:20,E200 1AC1 9627 E100 1039 0F83,0,6.005
2024-05-30 15:52:22,E200 1AC1 9627 E100 1039 0F83,0,2.005
2024-05-30 15:52:28,E200 1AC1 9627 E100 1039 0F83,0,6.004
2024-05-30 15:52:30,E200 1AC1 9627 E100 1039 0F83,0,2.003
2024-05-30 15:52:36,E200 1AC1 9627 E100 1039 0F83,0,6.006
2024-05-30 15:52:38,E200 1AC1 9627 E100 1039 0F83,0,2.002
2024-05-30 15:52:44,E200 1AC1 9627 E100 1039 0F83,0,6.004
2024-05-30 15:52:46,E200 1AC1 9627 E100 1039 0F83,0,2.003
2024-05-30 15:52:52,E200 1AC1 9627 E100 1039 0F83,0,6.004
2024-05-30 15:52:54,E200 1AC1 9627 E100 1039 0F83,0,2.002
2024-05-30 15:53:02,E200 1AC1 9627 E100 1039 0F83,0,8.008
2024-05-30 15:53:04,E200 1AC1 9627 E100 1039 0F83,0,2.003
2024-05-30 15:53:10,E200 1AC1 9627 E100 1039 0F83,0,6.007
2024-05-30 15:53:12,E200 1AC1 9627 E100 1039 0F83,0,2.004
2024-05-30 15:53:18,E200 1AC1 9627 E100 1039 0F83,0,6.006
2024-05-30 15:53:20,E200 1AC1 9627 E100 1039 0F83,0,2.003
2024-05-30 15:53:26,E200 1AC1 9627 E100 1039 0F83,0,6.008
2024-05-30 15:53:28,E200 1AC1 9627 E100 1039 0F83,0,2.003
2024-05-30 15:53:34,E200 1AC1 9627 E100 1039 0F83,0,6.005
2024-05-30 15:53:36,E200 1AC1 9627 E100 1039 0F83,0,2.004
2024-05-30 15:53:42,E200 1AC1 9627 E100 1039 0F83,0,6.006
2024-05-30 15:53:44,E200 1AC1 9627 E100 1039 0F83,0,2.005
2024-05-30 15:53:50,E200 1AC1 9627 E100 1039 0F83,0,6.005
2024-05-30 15:53:52,E200 1AC1 9627 E100 1039 0F83,0,2.006
2024-05-30 15:53:58,E200 1AC1 9627 E100 1039 0F83,0,6.005
2024-05-30 15:54:00,E200 1AC1 9627 E100 1039 0F83,0,2.005
2024-05-30 15:54:06,E200 1AC1 9627 E100 1039 0F83,0,6.005
2024-05-30 15:54:08,E200 1AC1 9627 E100 1039 0F83,0,2.003
2024-05-30 15:54:14,E200 1AC1 9627 E100 1039 0F83,0,6.007
2024-05-30 15:54:16,E200 1AC1 9627 E100 1039 0F83,0,2.003
2024-05-30 15:54:22,E200 1AC1 9627 E100 1039 0F83,0,6.005
2024-05-30 15:54:24,E200 1AC1 9627 E100 1039 0F83,0,2.004
2024-05-30 15:54:30,E200 1AC1 9627 E100 1039 0F83,0,6.005
2024-05-30 15:54:32,E200 1AC1 9627 E100 1039 0F83,0,2.004
2024-05-30 15:54:38,E200 1AC1 9627 E100 1039 0F83,0,6.003
2024-05-30 15:54:40,E200 1AC1 9627 E100 1039 0F83,0,2.003
2024-05-30 15:54:46,E200 1AC1 9627 E100 1039 0F83,0,6.005
2024-05-30 15:54:48,E200 1AC1 9627 E100 1039 0F83,0,2.003
2024-05-30 15:54:54,E200 1AC1 9627 E100 1039 0F83,0,6.004
2024-05-30 15:54:56,E200 1AC1 9627 E100 1039 0F83,0,2.003
2024-05-30 15:55:02,E200 1AC1 9627 E100 1039 0F83,0,6.005
2024-05-30 15:55:04,E200 1AC1 9627 E100 1039 0F83,0,2.003
2024-05-30 15:55:10,E200 1AC1 9627 E100 1039 0F83,0,6.004
2024-05-30 15:55:12,E200 1AC1 9627 E100 1039 0F83,0,2.003
2024-05-30 15:55:20,E200 1AC1 9627 E100 1039 0F83,0,8.005
2024-05-30 15:55:22,E200 1AC1 9627 E100 1039 0F83,0,2.003
2024-05-30 15:55:28,E200 1AC1 9627 E100 1039 0F83,0,6.005
2024-05-30 15:55:30,E200 1AC1 9627 E100 1039 0F83,0,2.002
2024-05-30 15:55:36,E200 1AC1 9627 E100 1039 0F83,0,6.005
2024-05-30 15:55:38,E200 1AC1 9627 E100 1039 0F83,0,2.002
2024-05-30 15:55:44,E200 1AC1 9627 E100 1039 0F83,0,6.006
2024-05-30 15:55:46,E200 1AC1 9627 E100 1039 0F83,0,2.004
2024-05-30 15:55:52,E200 1AC1 9627 E100 1039 0F83,0,6.005
2024-05-30 15:55:54,E200 1AC1 9627 E100 1039 0F83,0,2.003
2024-05-30 15:56:00,E200 1AC1 9627 E100 1039 0F83,0,6.004
2024-05-30 15:56:02,E200 1AC1 9627 E100 1039 0F83,0,2.003
2024-05-30 15:56:08,E200 1AC1 9627 E100 1039 0F83,0,6.004
2024-05-30 15:56:10,E200 1AC1 9627 E100 1039 0F83,0,2.003
2024-05-30 15:56:16,E200 1AC1 9627 E100 1039 0F83,0,6.004
2024-05-30 15:56:18,E200 1AC1 9627 E100 1039 0F83,0,2.004
2024-05-30 15:56:24,E200 1AC1 9627 E100 1039 0F83,0,6.005
2024-05-30 15:56:26,E200 1AC1 9627 E100 1039 0F83,0,2.003
2024-05-30 15:56:32,E200 1AC1 9627 E100 1039 0F83,0,6.006
2024-05-30 15:56:34,E200 1AC1 9627 E100 1039 0F83,0,2.002
2024-05-30 15:56:40,E200 1AC1 9627 E100 1039 0F83,0,6.004
2024-05-30 15:56:42,E200 1AC1 9627 E100 1039 0F83,0,2.003
2024-05-30 15:56:48,E200 1AC1 9627 E100 1039 0F83,0,6.004
2024-05-30 15:56:50,E200 1AC1 9627 E100 1039 0F83,0,2.002
2024-05-30 15:56:56,E200 1AC1 9627 E100 1039 0F83,0,6.005
2024-05-30 15:56:58,E200 1AC1 9627 E100 1039 0F83,0,2.003
2024-05-30 15:57:04,E200 1AC1 9627 E100 1039 0F83,0,6.004
2024-05-30 15:57:06,E200 1AC1 9627 E100 1039 0F83,0,2.003
2024-05-30 15:57:12,E200 1AC1 9627 E100 1039 0F83,0,6.005
2024-05-30 15:57:14,E200 1AC1 9627 E100 1039 0F83,0,2.002
2024-05-30 15:57:20,E200 1AC1 9627 E100 1039 0F83,0,6.004
2024-05-30 15:57:22,E200 1AC1 9627 E100 1039 0F83,0,2.003
2024-05-30 15:57:28,E200 1AC1 9627 E100 1039 0F83,0,6.004
2024-05-30 15:57:31,E200 1AC1 9627 E100 1039 0F83,0,2.003
2024-05-30 15:57:39,E200 1AC1 9627 E100 1039 0F83,0,8.007
2024-05-30 15:57:41,E200 1AC1 9627 E100 1039 0F83,0,2.003
2024-05-30 15:57:47,E200 1AC1 9627 E100 1039 0F83,0,6.005
2024-05-30 15:57:49,E200 1AC1 9627 E100 1039 0F83,0,2.002
2024-05-30 15:57:55,E200 1AC1 9627 E100 1039 0F83,0,6.005
2024-05-30 15:57:57,E200 1AC1 9627 E100 1039 0F83,0,2.002
2024-05-30 15:58:03,E200 1AC1 9627 E100 1039 0F83,0,6.004
2024-05-30 15:58:05,E200 1AC1 9627 E100 1039 0F83,0,2.003
2024-05-30 15:58:11,E200 1AC1 9627 E100 1039 0F83,0,6.005
2024-05-30 15:58:13,E200 1AC1 9627 E100 1039 0F83,0,2.003
2024-05-30 15:58:19,E200 1AC1 9627 E100 1039 0F83,0,6.005
2024-05-30 15:58:21,E200 1AC1 9627 E100 1039 0F83,0,2.002
2024-05-30 15:58:27,E200 1AC1 9627 E100 1039 0F83,0,6.004
2024-05-30 15:58:29,E200 1AC1 9627 E100 1039 0F83,0,2.004
2024-05-30 15:58:35,E200 1AC1 9627 E100 1039 0F83,0,6.004
2024-05-30 15:58:37,E200 1AC1 9627 E100 1039 0F83,0,2.002
2024-05-30 15:58:43,E200 1AC1 9627 E100 1039 0F83,0,6.005
2024-05-30 15:58:45,E200 1AC1 9627 E100 1039 0F83,0,2.003
2024-05-30 15:58:51,E200 1AC1 9627 E100 1039 0F83,0,6.005
2024-05-30 15:58:53,E200 1AC1 9627 E100 1039 0F83,0,2.003
2024-05-30 15:58:59,E200 1AC1 9627 E100 1039 0F83,0,6.005
2024-05-30 15:59:01,E200 1AC1 9627 E100 1039 0F83,0,2.003
2024-05-30 15:59:07,E200 1AC1 9627 E100 1039 0F83,0,6.005
2024-05-30 15:59:09,E200 1AC1 9627 E100 1039 0F83,0,2.003
2024-05-30 15:59:15,E200 1AC1 9627 E100 1039 0F83,0,6.004
2024-05-30 15:59:17,E200 1AC1 9627 E100 1039 0F83,0,2.003
2024-05-30 15:59:23,E200 1AC1 9627 E100 1039 0F83,0,6.005
2024-05-30 15:59:25,E200 1AC1 9627 E100 1039 0F83,0,2.002
2024-05-30 15:59:31,E200 1AC1 9627 E100 1039 0F83,0,6.005
2024-05-30 15:59:33,E200 1AC1 9627 E100 1039 0F83,0,2.002
2024-05-30 15:59:39,E200 1AC1 9627 E100 1039 0F83,0,6.005
2024-05-30 15:59:41,E200 1AC1 9627 E100 1039 0F83,0,2.003
2024-05-30 15:59:47,E200 1AC1 9627 E100 1039 0F83,0,6.004
2024-05-30 15:59:49,E200 1AC1 9627 E100 1039 0F83,0,2.002
2024-05-30 15:59:57,E200 1AC1 9627 E100 1039 0F83,0,8.006
2024-05-30 15:59:59,E200 1AC1 9627 E100 1039 0F83,0,2.003
2024-05-30 16:00:05,E200 1AC1 9627 E100 1039 0F83,0,6.005
2024-05-30 16:00:07,E200 1AC1 9627 E100 1039 0F83,0,2.003
2024-05-30 16:00:13,E200 1AC1 9627 E100 1039 0F83,0,6.003
2024-05-30 16:00:15,E200 1AC1 9627 E100 1039 0F83,0,2.003
2024-05-30 16:00:21,E200 1AC1 9627 E100 1039 0F83,0,6.004
2024-05-30 16:00:23,E200 1AC1 9627 E100 1039 0F83,0,2.002
2024-05-30 16:00:29,E200 1AC1 9627 E100 1039 0F83,0,6.005
2024-05-30 16:00:31,E200 1AC1 9627 E100 1039 0F83,0,2.003
2024-05-30 16:00:37,E200 1AC1 9627 E100 1039 0F83,0,6.005
2024-05-30 16:00:39,E200 1AC1 9627 E100 1039 0F83,0,2.003
2024-05-30 16:00:45,E200 1AC1 9627 E100 1039 0F83,0,6.005
2024-05-30 16:00:47,E200 1AC1 9627 E100 1039 0F83,0,2.003
2024-05-30 16:00:53,E200 1AC1 9627 E100 1039 0F83,0,6.004
2024-05-30 16:00:55,E200 1AC1 9627 E100 1039 0F83,0,2.003
2024-05-30 16:01:01,E200 1AC1 9627 E100 1039 0F83,0,6.005
2024-05-30 16:01:03,E200 1AC1 9627 E100 1039 0F83,0,2.002
2024-05-30 16:01:09,E200 1AC1 9627 E100 1039 0F83,0,6.005
2024-05-30 16:01:11,E200 1AC1 9627 E100 1039 0F83,0,2.002
2024-05-30 16:01:17,E200 1AC1 9627 E100 1039 0F83,0,6.004
2024-05-30 16:01:19,E200 1AC1 9627 E100 1039 0F83,0,2.002
2024-05-30 16:01:25,E200 1AC1 9627 E100 1039 0F83,0,6.005
2024-05-30 16:01:27,E200 1AC1 9627 E100 1039 0F83,0,2.003
2024-05-30 16:01:33,E200 1AC1 9627 E100 1039 0F83,0,6.004
2024-05-30 16:01:35,E200 1AC1 9627 E100 1039 0F83,0,2.002
2024-05-30 16:01:41,E200 1AC1 9627 E100 1039 0F83,0,6.004
2024-05-30 16:01:43,E200 1AC1 9627 E100 1039 0F83,0,2.002
2024-05-30 16:01:49,E200 1AC1 9627 E100 1039 0F83,0,6.004
2024-05-30 16:01:51,E200 1AC1 9627 E100 1039 0F83,0,2.003
2024-05-30 16:01:57,E200 1AC1 9627 E100 1039 0F83,0,6.005
2024-05-30 16:01:59,E200 1AC1 9627 E100 1039 0F83,0,2.002
2024-05-30 16:02:05,E200 1AC1 9627 E100 1039 0F83,0,6.005
2024-05-30 16:02:07,E200 1AC1 9627 E100 1039 0F83,0,2.002
2024-05-30 16:02:15,E200 1AC1 9627 E100 1039 0F83,0,8.007
2024-05-30 16:02:17,E200 1AC1 9627 E100 1039 0F83,0,2.003
2024-05-30 16:02:23,E200 1AC1 9627 E100 1039 0F83,0,6.004
2024-05-30 16:02:25,E200 1AC1 9627 E100 1039 0F83,0,2.003
2024-05-30 16:02:31,E200 1AC1 9627 E100 1039 0F83,0,6.005
2024-05-30 16:02:33,E200 1AC1 9627 E100 1039 0F83,0,2.003
2024-05-30 16:02:39,E200 1AC1 9627 E100 1039 0F83,0,6.006
2024-05-30 16:02:41,E200 1AC1 9627 E100 1039 0F83,0,2.003
2024-05-30 16:02:47,E200 1AC1 9627 E100 1039 0F83,0,6.005
2024-05-30 16:02:49,E200 1AC1 9627 E100 1039 0F83,0,2.003
2024-05-30 16:02:55,E200 1AC1 9627 E100 1039 0F83,0,6.004
2024-05-30 16:02:57,E200 1AC1 9627 E100 1039 0F83,0,2.003
2024-05-30 16:03:03,E200 1AC1 9627 E100 1039 0F83,0,6.004
2024-05-30 16:03:05,E200 1AC1 9627 E100 1039 0F83,0,2.001
2024-05-30 16:03:11,E200 1AC1 9627 E100 1039 0F83,0,6.006
2024-05-30 16:03:13,E200 1AC1 9627 E100 1039 0F83,0,2.002
2024-05-30 16:03:19,E200 1AC1 9627 E100 1039 0F83,0,6.005
2024-05-30 16:03:21,E200 1AC1 9627 E100 1039 0F83,0,2.003
2024-05-30 16:03:27,E200 1AC1 9627 E100 1039 0F83,0,6.003
2024-05-30 16:03:29,E200 1AC1 9627 E100 1039 0F83,0,2.004
2024-05-30 16:03:35,E200 1AC1 9627 E100 1039 0F83,0,6.004
2024-05-30 16:03:37,E200 1AC1 9627 E100 1039 0F83,0,2.003
2024-05-30 16:03:43,E200 1AC1 9627 E100 1039 0F83,0,6.005
2024-05-30 16:03:45,E200 1AC1 9627 E100 1039 0F83,0,2.003
2024-05-30 16:03:51,E200 1AC1 9627 E100 1039 0F83,0,6.005
2024-05-30 16:03:53,E200 1AC1 9627 E100 1039 0F83,0,2.003
2024-05-30 16:03:59,E200 1AC1 9627 E100 1039 0F83,0,6.004
2024-05-30 16:04:01,E200 1AC1 9627 E100 1039 0F83,0,2.003
2024-05-30 16:04:07,E200 1AC1 9627 E100 1039 0F83,0,6.004
2024-05-30 16:04:09,E200 1AC1 9627 E100 1039 0F83,0,2.004
2024-05-30 16:04:15,E200 1AC1 9627 E100 1039 0F83,0,6.004
2024-05-30 16:04:17,E200 1AC1 9627 E100 1039 0F83,0,2.002
2024-05-30 16:04:23,E200 1AC1 9627 E100 1039 0F83,0,6.005
2024-05-30 16:04:25,E200 1AC1 9627 E100 1039 0F83,0,2.003
2024-05-30 16:04:33,E200 1AC1 9627 E100 1039 0F83,0,8.006
2024-05-30 16:04:35,E200 1AC1 9627 E100 1039 0F83,0,2.003
2024-05-30 16:04:41,E200 1AC1 9627 E100 1039 0F83,0,6.005
2024-05-30 16:04:43,E200 1AC1 9627 E100 1039 0F83,0,2.003
2024-05-30 16:04:49,E200 1AC1 9627 E100 1039 0F83,0,6.004
2024-05-30 16:04:51,E200 1AC1 9627 E100 1039 0F83,0,2.005
2024-05-30 16:04:57,E200 1AC1 9627 E100 1039 0F83,0,6.004
2024-05-30 16:04:59,E200 1AC1 9627 E100 1039 0F83,0,2.003
2024-05-30 16:05:05,E200 1AC1 9627 E100 1039 0F83,0,6.004
2024-05-30 16:05:07,E200 1AC1 9627 E100 1039 0F83,0,2.003
2024-05-30 16:05:13,E200 1AC1 9627 E100 1039 0F83,0,6.005
2024-05-30 16:05:15,E200 1AC1 9627 E100 1039 0F83,0,2.002
2024-05-30 16:05:21,E200 1AC1 9627 E100 1039 0F83,0,6.005
2024-05-30 16:05:23,E200 1AC1 9627 E100 1039 0F83,0,2.003
2024-05-30 16:05:29,E200 1AC1 9627 E100 1039 0F83,0,6.005
2024-05-30 16:05:31,E200 1AC1 9627 E100 1039 0F83,0,2.003
2024-05-30 16:05:37,E200 1AC1 9627 E100 1039 0F83,0,6.004
2024-05-30 16:05:39,E200 1AC1 9627 E100 1039 0F83,0,2.003
2024-05-30 16:05:45,E200 1AC1 9627 E100 1039 0F83,0,6.004
2024-05-30 16:05:47,E200 1AC1 9627 E100 1039 0F83,0,2.002
2024-05-30 16:05:53,E200 1AC1 9627 E100 1039 0F83,0,6.005
2024-05-30 16:05:55,E200 1AC1 9627 E100 1039 0F83,0,2.003
2024-05-30 16:06:01,E200 1AC1 9627 E100 1039 0F83,0,6.005
2024-05-30 16:06:03,E200 1AC1 9627 E100 1039 0F83,0,2.003
2024-05-30 16:06:09,E200 1AC1 9627 E100 1039 0F83,0,6.004
2024-05-30 16:06:11,E200 1AC1 9627 E100 1039 0F83,0,2.004
2024-05-30 16:06:17,E200 1AC1 9627 E100 1039 0F83,0,6.005
2024-05-30 16:06:19,E200 1AC1 9627 E100 1039 0F83,0,2.002
2024-05-30 16:06:25,E200 1AC1 9627 E100 1039 0F83,0,6.004
2024-05-30 16:06:27,E200 1AC1 9627 E100 1039 0F83,0,2.003
2024-05-30 16:06:33,E200 1AC1 9627 E100 1039 0F83,0,6.004
2024-05-30 16:06:35,E200 1AC1 9627 E100 1039 0F83,0,2.003
2024-05-30 16:06:41,E200 1AC1 9627 E100 1039 0F83,0,6.005
2024-05-30 16:06:43,E200 1AC1 9627 E100 1039 0F83,0,2.003
2024-05-30 16:06:51,E200 1AC1 9627 E100 1039 0F83,0,8.007
2024-05-30 16:06:53,E200 1AC1 9627 E100 1039 0F83,0,2.003
2024-05-30 16:06:59,E200 1AC1 9627 E100 1039 0F83,0,6.005
Timestamp,RFID Tag,Antenna,Time Between Stamps
2024-05-30 16:07:23,E200 1AC1 9627 E100 1039 0F83,0,0
2024-05-30 16:07:28,E200 1AC1 9627 C000 1039 0EFF,0,0
2024-05-30 16:07:43,E200 1AC1 9627 E100 1039 0F83,0,20.009
2024-05-30 16:07:48,E200 1AC1 9627 C000 1039 0EFF,0,20.01
2024-05-30 16:08:03,E200 1AC1 9627 E100 1039 0F83,0,20.009
2024-05-30 16:08:08,E200 1AC1 9627 C000 1039 0EFF,0,20.007
2024-05-30 16:08:23,E200 1AC1 9627 E100 1039 0F83,0,20.008
2024-05-30 16:08:28,E200 1AC1 9627 C000 1039 0EFF,0,20.007
2024-05-30 16:08:43,E200 1AC1 9627 E100 1039 0F83,0,20.008
2024-05-30 16:08:48,E200 1AC1 9627 C000 1039 0EFF,0,20.009
2024-05-30 16:09:03,E200 1AC1 9627 E100 1039 0F83,0,20.009
2024-05-30 16:09:08,E200 1AC1 9627 C000 1039 0EFF,0,20.009
2024-05-30 16:09:23,E200 1AC1 9627 E100 1039 0F83,0,20.01
2024-05-30 16:09:28,E200 1AC1 9627 C000 1039 0EFF,0,20.011
2024-05-30 16:09:43,E200 1AC1 9627 E100 1039 0F83,0,20.01
2024-05-30 16:09:48,E200 1AC1 9627 C000 1039 0EFF,0,20.01
2024-05-30 16:10:03,E200 1AC1 9627 E100 1039 0F83,0,20.01
2024-05-30 16:10:08,E200 1AC1 9627 C000 1039 0EFF,0,20.008
2024-05-30 16:10:23,E200 1AC1 9627 E100 1039 0F83,0,20.009
2024-05-30 16:10:28,E200 1AC1 9627 C000 1039 0EFF,0,20.008
2024-05-30 16:10:43,E200 1AC1 9627 E100 1039 0F83,0,20.013
2024-05-30 16:10:48,E200 1AC1 9627 C000 1039 0EFF,0,20.012
2024-05-30 16:11:03,E200 1AC1 9627 E100 1039 0F83,0,20.007
2024-05-30 16:11:08,E200 1AC1 9627 C000 1039 0EFF,0,20.008
2024-05-30 16:11:23,E200 1AC1 9627 E100 1039 0F83,0,20.009
2024-05-30 16:11:28,E200 1AC1 9627 C000 1039 0EFF,0,20.008
2024-05-30 16:11:43,E200 1AC1 9627 E100 1039 0F83,0,20.007
2024-05-30 16:11:48,E200 1AC1 9627 C000 1039 0EFF,0,20.007
2024-05-30 16:12:03,E200 1AC1 9627 E100 1039 0F83,0,20.008
2024-05-30 16:12:08,E200 1AC1 9627 C000 1039 0EFF,0,20.007
2024-05-30 16:12:23,E200 1AC1 9627 E100 1039 0F83,0,20.006
2024-05-30 16:12:28,E200 1AC1 9627 C000 1039 0EFF,0,20.007
2024-05-30 16:12:43,E200 1AC1 9627 E100 1039 0F83,0,20.008
2024-05-30 16:12:48,E200 1AC1 9627 C000 1039 0EFF,0,20.008
2024-05-30 16:13:03,E200 1AC1 9627 E100 1039 0F83,0,20.008
2024-05-30 16:13:08,E200 1AC1 9627 C000 1039 0EFF,0,20.007
2024-05-30 16:13:23,E200 1AC1 9627 E100 1039 0F83,0,20.007
2024-05-30 16:13:28,E200 1AC1 9627 C000 1039 0EFF,0,20.008
2024-05-30 16:13:43,E200 1AC1 9627 E100 1039 0F83,0,20.008
2024-05-30 16:13:48,E200 1AC1 9627 C000 1039 0EFF,0,20.009
2024-05-30 16:14:03,E200 1AC1 9627 E100 1039 0F83,0,20.007
2024-05-30 16:14:08,E200 1AC1 9627 C000 1039 0EFF,0,20.007
2024-05-30 16:14:23,E200 1AC1 9627 E100 1039 0F83,0,20.008
2024-05-30 16:14:28,E200 1AC1 9627 C000 1039 0EFF,0,20.009
2024-05-30 16:14:43,E200 1AC1 9627 E100 1039 0F83,0,20.008
2024-05-30 16:14:48,E200 1AC1 9627 E100 1039 0F83,0,5.004
2024-05-30 16:15:03,E200 1AC1 9627 E100 1039 0F83,0,15.004
2024-05-30 16:15:08,E200 1AC1 9627 E100 1039 0F83,0,5.003
2024-05-30 16:15:23,E200 1AC1 9627 E100 1039 0F83,0,15.006
2024-05-30 16:15:28,E200 1AC1 9627 E100 1039 0F83,0,5.003
2024-05-30 16:15:43,E200 1AC1 9627 E100 1039 0F83,0,15.006
2024-05-30 16:15:48,E200 1AC1 9627 E100 1039 0F83,0,5.003
2024-05-30 16:16:03,E200 1AC1 9627 E100 1039 0F83,0,15.005
2024-05-30 16:16:08,E200 1AC1 9627 E100 1039 0F83,0,5.003
2024-05-30 16:16:23,E200 1AC1 9627 E100 1039 0F83,0,15.005
2024-05-30 16:16:29,E200 1AC1 9627 E100 1039 0F83,0,5.004
2024-05-30 16:16:44,E200 1AC1 9627 E100 1039 0F83,0,15.005
2024-05-30 16:16:49,E200 1AC1 9627 E100 1039 0F83,0,5.004
2024-05-30 16:17:04,E200 1AC1 9627 E100 1039 0F83,0,15.005
2024-05-30 16:17:09,E200 1AC1 9627 E100 1039 0F83,0,5.003
2024-05-30 16:17:24,E200 1AC1 9627 E100 1039 0F83,0,15.005
2024-05-30 16:17:29,E200 1AC1 9627 E100 1039 0F83,0,5.005
2024-05-30 16:17:44,E200 1AC1 9627 E100 1039 0F83,0,15.006
2024-05-30 16:17:49,E200 1AC1 9627 E100 1039 0F83,0,5.005
2024-05-30 16:18:04,E200 1AC1 9627 E100 1039 0F83,0,15.005
2024-05-30 16:18:09,E200 1AC1 9627 E100 1039 0F83,0,5.003
2024-05-30 16:18:24,E200 1AC1 9627 E100 1039 0F83,0,15.005
2024-05-30 16:18:29,E200 1AC1 9627 E100 1039 0F83,0,5.005
2024-05-30 16:18:44,E200 1AC1 9627 E100 1039 0F83,0,15.006
2024-05-30 16:18:49,E200 1AC1 9627 E100 1039 0F83,0,5.003
2024-05-30 16:19:04,E200 1AC1 9627 E100 1039 0F83,0,15.007
2024-05-30 16:19:09,E200 1AC1 9627 E100 1039 0F83,0,5.004
2024-05-30 16:19:24,E200 1AC1 9627 E100 1039 0F83,0,15.004
2024-05-30 16:19:29,E200 1AC1 9627 E100 1039 0F83,0,5.003
2024-05-30 16:19:44,E200 1AC1 9627 E100 1039 0F83,0,15.005
2024-05-30 16:19:49,E200 1AC1 9627 E100 1039 0F83,0,5.005
2024-05-30 16:20:04,E200 1AC1 9627 E100 1039 0F83,0,15.005
2024-05-30 16:20:09,E200 1AC1 9627 E100 1039 0F83,0,5.004
2024-05-30 16:20:24,E200 1AC1 9627 E100 1039 0F83,0,15.007
2024-05-30 16:20:29,E200 1AC1 9627 E100 1039 0F83,0,5.003
2024-05-30 16:20:44,E200 1AC1 9627 E100 1039 0F83,0,15.005
2024-05-30 16:20:49,E200 1AC1 9627 E100 1039 0F83,0,5.003
2024-05-30 16:21:04,E200 1AC1 9627 E100 1039 0F83,0,15.007
2024-05-30 16:21:09,E200 1AC1 9627 E100 1039 0F83,0,5.003
2024-05-30 16:21:24,E200 1AC1 9627 E100 1039 0F83,0,15.006
2024-05-30 16:21:29,E200 1AC1 9627 E100 1039 0F83,0,5.003
2024-05-30 16:21:44,E200 1AC1 9627 E100 1039 0F83,0,15.005
2024-05-30 16:21:49,E200 1AC1 9627 E100 1039 0F83,0,5.005
2024-05-30 16:22:04,E200 1AC1 9627 E100 1039 0F83,0,15.005
2024-05-30 16:22:09,E200 1AC1 9627 E100 1039 0F83,0,5.003
2024-05-30 16:22:24,E200 1AC1 9627 E100 1039 0F83,0,15.006
2024-05-30 16:22:29,E200 1AC1 9627 E100 1039 0F83,0,5.003
2024-05-30 16:22:44,E200 1AC1 9627 E100 1039 0F83,0,15.005
2024-05-30 16:22:49,E200 1AC1 9627 E100 1039 0F83,0,5.003
2024-05-30 16:23:04,E200 1AC1 9627 E100 1039 0F83,0,15.004
2024-05-30 16:23:09,E200 1AC1 9627 E100 1039 0F83,0,5.004
2024-05-30 16:23:24,E200 1AC1 9627 E100 1039 0F83,0,15.005
2024-05-30 16:23:29,E200 1AC1 9627 E100 1039 0F83,0,5.003
2024-05-30 16:23:44,E200 1AC1 9627 E100 1039 0F83,0,15.005
2024-05-30 16:23:49,E200 1AC1 9627 E100 1039 0F83,0,5.003
2024-05-30 16:24:04,E200 1AC1 9627 E100 1039 0F83,0,15.006
2024-05-30 16:24:09,E200 1AC1 9627 E100 1039 0F83,0,5.003
2024-05-30 16:24:24,E200 1AC1 9627 E100 1039 0F83,0,15.006
2024-05-30 16:24:29,E200 1AC1 9627 E100 1039 0F83,0,5.004
2024-05-30 16:24:44,E200 1AC1 9627 E100 1039 0F83,0,15.005
2024-05-30 16:24:49,E200 1AC1 9627 E100 1039 0F83,0,5.003
2024-05-30 16:25:04,E200 1AC1 9627 E100 1039 0F83,0,15.004
2024-05-30 16:25:09,E200 1AC1 9627 E100 1039 0F83,0,5.003
2024-05-30 16:25:24,E200 1AC1 9627 E100 1039 0F83,0,15.005
2024-05-30 16:25:29,E200 1AC1 9627 E100 1039 0F83,0,5.004
2024-05-30 16:25:44,E200 1AC1 9627 E100 1039 0F83,0,15.005
2024-05-30 16:25:49,E200 1AC1 9627 E100 1039 0F83,0,5.004
2024-05-30 16:26:04,E200 1AC1 9627 E100 1039 0F83,0,15.005
2024-05-30 16:26:09,E200 1AC1 9627 E100 1039 0F83,0,5.003
2024-05-30 16:26:24,E200 1AC1 9627 E100 1039 0F83,0,15.006
2024-05-30 16:26:29,E200 1AC1 9627 E100 1039 0F83,0,5.003
2024-05-30 16:26:44,E200 1AC1 9627 E100 1039 0F83,0,15.006
2024-05-30 16:26:49,E200 1AC1 9627 E100 1039 0F83,0,5.003
2024-05-30 16:27:04,E200 1AC1 9627 E100 1039 0F83,0,15.005
2024-05-30 16:27:09,E200 1AC1 9627 E100 1039 0F83,0,5.003
2024-05-30 16:27:24,E200 1AC1 9627 E100 1039 0F83,0,15.007
2024-05-30 16:27:29,E200 1AC1 9627 E100 1039 0F83,0,5.004
2024-05-30 16:27:44,E200 1AC1 9627 E100 1039 0F83,0,15.007
2024-05-30 16:27:49,E200 1AC1 9627 E100 1039 0F83,0,5.003
2024-05-30 16:28:04,E200 1AC1 9627 E100 1039 0F83,0,15.006
2024-05-30 16:28:09,E200 1AC1 9627 E100 1039 0F83,0,5.003
2024-05-30 16:28:24,E200 1AC1 9627 E100 1039 0F83,0,15.005
2024-05-30 16:28:29,E200 1AC1 9627 E100 1039 0F83,0,5.003
2024-05-30 16:28:44,E200 1AC1 9627 E100 1039 0F83,0,15.005
2024-05-30 16:28:49,E200 1AC1 9627 E100 1039 0F83,0,5.003
2024-05-30 16:29:04,E200 1AC1 9627 E100 1039 0F83,0,15.005
2024-05-30 16:29:09,E200 1AC1 9627 E100 1039 0F83,0,5.003
2024-05-30 16:29:24,E200 1AC1 9627 E100 1039 0F83,0,15.005
2024-05-30 16:29:29,E200 1AC1 9627 E100 1039 0F83,0,5.003
2024-05-30 16:29:44,E200 1AC1 9627 E100 1039 0F83,0,15.004
2024-05-30 16:29:49,E200 1AC1 9627 E100 1039 0F83,0,5.004
2024-05-30 16:30:04,E200 1AC1 9627 E100 1039 0F83,0,15.004
2024-05-30 16:30:09,E200 1AC1 9627 E100 1039 0F83,0,5.003
2024-05-30 16:30:24,E200 1AC1 9627 E100 1039 0F83,0,15.004
2024-05-30 16:30:29,E200 1AC1 9627 E100 1039 0F83,0,5.003
2024-05-30 16:30:44,E200 1AC1 9627 E100 1039 0F83,0,15.006
2024-05-30 16:30:49,E200 1AC1 9627 E100 1039 0F83,0,5.004
2024-05-30 16:31:04,E200 1AC1 9627 E100 1039 0F83,0,15.005
2024-05-30 16:31:09,E200 1AC1 9627 E100 1039 0F83,0,5.005
2024-05-30 16:31:24,E200 1AC1 9627 E100 1039 0F83,0,15.006
2024-05-30 16:31:29,E200 1AC1 9627 E100 1039 0F83,0,5.002
2024-05-30 16:31:44,E200 1AC1 9627 E100 1039 0F83,0,15.006
2024-05-30 16:31:49,E200 1AC1 9627 E100 1039 0F83,0,5.003
2024-05-30 16:32:04,E200 1AC1 9627 E100 1039 0F83,0,15.005
2024-05-30 16:32:09,E200 1AC1 9627 E100 1039 0F83,0,5.004
2024-05-30 16:32:24,E200 1AC1 9627 E100 1039 0F83,0,15.005
2024-05-30 16:32:29,E200 1AC1 9627 E100 1039 0F83,0,5.005
2024-05-30 16:32:44,E200 1AC1 9627 E100 1039 0F83,0,15.005
2024-05-30 16:32:49,E200 1AC1 9627 E100 1039 0F83,0,5.003
2024-05-30 16:33:04,E200 1AC1 9627 E100 1039 0F83,0,15.005
2024-05-30 16:33:09,E200 1AC1 9627 E100 1039 0F83,0,5.004
2024-05-30 16:33:24,E200 1AC1 9627 E100 1039 0F83,0,15.004
2024-05-30 16:33:29,E200 1AC1 9627 E100 1039 0F83,0,5.004
2024-05-30 16:33:44,E200 1AC1 9627 E100 1039 0F83,0,15.005
2024-05-30 16:33:49,E200 1AC1 9627 E100 1039 0F83,0,5.003
2024-05-30 16:34:04,E200 1AC1 9627 E100 1039 0F83,0,15.005
2024-05-30 16:34:09,E200 1AC1 9627 E100 1039 0F83,0,5.003
2024-05-30 16:34:24,E200 1AC1 9627 E100 1039 0F83,0,15.007
2024-05-30 16:34:29,E200 1AC1 9627 E100 1039 0F83,0,5.003
2024-05-30 16:34:44,E200 1AC1 9627 E100 1039 0F83,0,15.007
2024-05-30 16:34:49,E200 1AC1 9627 E100 1039 0F83,0,5.003
2024-05-30 16:35:04,E200 1AC1 9627 E100 1039 0F83,0,15.005
2024-05-30 16:35:09,E200 1AC1 9627 E100 1039 0F83,0,5.003
2024-05-30 16:35:24,E200 1AC1 9627 E100 1039 0F83,0,15.006
2024-05-30 16:35:29,E200 1AC1 9627 E100 1039 0F83,0,5.005
2024-05-30 16:35:44,E200 1AC1 9627 E100 1039 0F83,0,15.006
2024-05-30 16:35:49,E200 1AC1 9627 E100 1039 0F83,0,5.002
2024-05-30 16:36:04,E200 1AC1 9627 E100 1039 0F83,0,15.006
2024-05-30 16:36:09,E200 1AC1 9627 E100 1039 0F83,0,5.003
2024-05-30 16:36:24,E200 1AC1 9627 E100 1039 0F83,0,15.006
2024-05-30 16:36:29,E200 1AC1 9627 E100 1039 0F83,0,5.003
2024-05-30 16:36:44,E200 1AC1 9627 E100 1039 0F83,0,15.004
2024-05-30 16:36:49,E200 1AC1 9627 E100 1039 0F83,0,5.003
2024-05-30 16:37:04,E200 1AC1 9627 E100 1039 0F83,0,15.004
2024-05-30 16:37:09,E200 1AC1 9627 E100 1039 0F83,0,5.003
2024-05-30 16:37:24,E200 1AC1 9627 E100 1039 0F83,0,15.005
2024-05-30 16:37:29,E200 1AC1 9627 E100 1039 0F83,0,5.003
2024-05-30 16:37:44,E200 1AC1 9627 E100 1039 0F83,0,15.005
2024-05-30 16:37:49,E200 1AC1 9627 E100 1039 0F83,0,5.003
2024-05-30 16:38:04,E200 1AC1 9627 E100 1039 0F83,0,15.005
2024-05-30 16:38:09,E200 1AC1 9627 E100 1039 0F83,0,5.003
2024-05-30 16:38:24,E200 1AC1 9627 E100 1039 0F83,0,15.006
2024-05-30 16:38:29,E200 1AC1 9627 E100 1039 0F83,0,5.003
2024-05-30 16:38:44,E200 1AC1 9627 E100 1039 0F83,0,15.005
2024-05-30 16:38:49,E200 1AC1 9627 E100 1039 0F83,0,5.003
2024-05-30 16:39:04,E200 1AC1 9627 E100 1039 0F83,0,15.005
2024-05-30 16:39:09,E200 1AC1 9627 E100 1039 0F83,0,5.003
2024-05-30 16:39:24,E200 1AC1 9627 E100 1039 0F83,0,15.004
2024-05-30 16:39:29,E200 1AC1 9627 E100 1039 0F83,0,5.003
2024-05-30 16:39:44,E200 1AC1 9627 E100 1039 0F83,0,15.005
2024-05-30 16:39:49,E200 1AC1 9627 E100 1039 0F83,0,5.003
2024-05-30 16:40:04,E200 1AC1 9627 E100 1039 0F83,0,15.005
2024-05-30 16:40:09,E200 1AC1 9627 E100 1039 0F83,0,5.003
2024-05-30 16:40:24,E200 1AC1 9627 E100 1039 0F83,0,15.005
2024-05-30 16:40:29,E200 1AC1 9627 E100 1039 0F83,0,5.003
2024-05-30 16:40:44,E200 1AC1 9627 E100 1039 0F83,0,15.004
2024-05-30 16:40:49,E200 1AC1 9627 E100 1039 0F83,0,5.003
2024-05-30 16:41:04,E200 1AC1 9627 E100 1039 0F83,0,15.005
2024-05-30 16:41:09,E200 1AC1 9627 E100 1039 0F83,0,5.003
2024-05-30 16:41:24,E200 1AC1 9627 E100 1039 0F83,0,15.005
2024-05-30 16:41:29,E200 1AC1 9627 E100 1039 0F83,0,5.003
2024-05-30 16:41:44,E200 1AC1 9627 E100 1039 0F83,0,15.005
2024-05-30 16:41:49,E200 1AC1 9627 E100 1039 0F83,0,5.003
2024-05-30 16:42:04,E200 1AC1 9627 E100 1039 0F83,0,15.005
2024-05-30 16:42:09,E200 1AC1 9627 E100 1039 0F83,0,5.005
2024-05-30 16:42:24,E200 1AC1 9627 E100 1039 0F83,0,15.005
2024-05-30 16:42:29,E200 1AC1 9627 E100 1039 0F83,0,5.003
2024-05-30 16:42:44,E200 1AC1 9627 E100 1039 0F83,0,15.007
2024-05-30 16:42:49,E200 1AC1 9627 E100 1039 0F83,0,5.004
2024-05-30 16:43:04,E200 1AC1 9627 E100 1039 0F83,0,15.005
2024-05-30 16:43:09,E200 1AC1 9627 E100 1039 0F83,0,5.003
2024-05-30 16:43:24,E200 1AC1 9627 E100 1039 0F83,0,15.009
2024-05-30 16:43:29,E200 1AC1 9627 E100 1039 0F83,0,5.002
2024-05-30 16:43:44,E200 1AC1 9627 E100 1039 0F83,0,15.005
2024-05-30 16:43:49,E200 1AC1 9627 E100 1039 0F83,0,5.004
2024-05-30 16:44:04,E200 1AC1 9627 E100 1039 0F83,0,15.005
2024-05-30 16:44:09,E200 1AC1 9627 E100 1039 0F83,0,5.003
2024-05-30 16:44:24,E200 1AC1 9627 E100 1039 0F83,0,15.006
2024-05-30 16:44:29,E200 1AC1 9627 E100 1039 0F83,0,5.003
2024-05-30 16:44:44,E200 1AC1 9627 E100 1039 0F83,0,15.005
2024-05-30 16:44:49,E200 1AC1 9627 E100 1039 0F83,0,5.003
2024-05-30 16:45:04,E200 1AC1 9627 E100 1039 0F83,0,15.005
2024-05-30 16:45:09,E200 1AC1 9627 E100 1039 0F83,0,5.003
2024-05-30 16:45:24,E200 1AC1 9627 E100 1039 0F83,0,15.006
2024-05-30 16:45:29,E200 1AC1 9627 E100 1039 0F83,0,5.003
2024-05-30 16:45:44,E200 1AC1 9627 E100 1039 0F83,0,15.005
2024-05-30 16:45:49,E200 1AC1 9627 E100 1039 0F83,0,5.003
2024-05-30 16:46:04,E200 1AC1 9627 E100 1039 0F83,0,15.006
2024-05-30 16:46:09,E200 1AC1 9627 E100 1039 0F83,0,5.006
2024-05-30 16:46:24,E200 1AC1 9627 E100 1039 0F83,0,15.004
2024-05-30 16:46:29,E200 1AC1 9627 E100 1039 0F83,0,5.005
2024-05-30 16:46:44,E200 1AC1 9627 E100 1039 0F83,0,15.006
2024-05-30 16:46:49,E200 1AC1 9627 E100 1039 0F83,0,5.005
2024-05-30 16:47:04,E200 1AC1 9627 E100 1039 0F83,0,15.006
2024-05-30 16:47:09,E200 1AC1 9627 E100 1039 0F83,0,5.004
2024-05-30 16:47:24,E200 1AC1 9627 E100 1039 0F83,0,15.005
2024-05-30 16:47:29,E200 1AC1 9627 E100 1039 0F83,0,5.003
2024-05-30 16:47:44,E200 1AC1 9627 E100 1039 0F83,0,15.006
2024-05-30 16:47:49,E200 1AC1 9627 E100 1039 0F83,0,5.004
2024-05-30 16:48:04,E200 1AC1 9627 E100 1039 0F83,0,15.007
2024-05-30 16:48:09,E200 1AC1 9627 E100 1039 0F83,0,5.003
2024-05-30 16:48:24,E200 1AC1 9627 E100 1039 0F83,0,15.006
2024-05-30 16:48:29,E200 1AC1 9627 E100 1039 0F83,0,5.004
2024-05-30 16:48:44,E200 1AC1 9627 E100 1039 0F83,0,15.005
2024-05-30 16:48:49,E200 1AC1 9627 E100 1039 0F83,0,5.003
2024-05-30 16:49:04,E200 1AC1 9627 E100 1039 0F83,0,15.007
2024-05-30 16:49:09,E200 1AC1 9627 E100 1039 0F83,0,5.003
2024-05-30 16:49:24,E200 1AC1 9627 E100 1039 0F83,0,15.007
2024-05-30 16:49:29,E200 1AC1 9627 E100 1039 0F83,0,5.003
2024-05-30 16:49:44,E200 1AC1 9627 E100 1039 0F83,0,15.009
2024-05-30 16:49:49,E200 1AC1 9627 E100 1039 0F83,0,5.003
2024-05-30 16:50:04,E200 1AC1 9627 E100 1039 0F83,0,15.005
2024-05-30 16:50:09,E200 1AC1 9627 E100 1039 0F83,0,5.003
2024-05-30 16:50:24,E200 1AC1 9627 E100 1039 0F83,0,15.005
2024-05-30 16:50:29,E200 1AC1 9627 E100 1039 0F83,0,5.003
2024-05-30 16:50:44,E200 1AC1 9627 E100 1039 0F83,0,15.005
2024-05-30 16:50:49,E200 1AC1 9627 E100 1039 0F83,0,5.003
2024-05-30 16:51:04,E200 1AC1 9627 E100 1039 0F83,0,15.005
2024-05-30 16:51:09,E200 1AC1 9627 E100 1039 0F83,0,5.003
2024-05-30 16:51:24,E200 1AC1 9627 E100 1039 0F83,0,15.006
2024-05-30 16:51:29,E200 1AC1 9627 E100 1039 0F83,0,5.003
2024-05-30 16:51:44,E200 1AC1 9627 E100 1039 0F83,0,15.006
2024-05-30 16:51:49,E200 1AC1 9627 E100 1039 0F83,0,5.004
2024-05-30 16:52:04,E200 1AC1 9627 E100 1039 0F83,0,15.005
2024-05-30 16:52:09,E200 1AC1 9627 E100 1039 0F83,0,5.003
2024-05-30 16:52:24,E200 1AC1 9627 E100 1039 0F83,0,15.005
2024-05-30 16:52:29,E200 1AC1 9627 E100 1039 0F83,0,5.002
2024-05-30 16:52:44,E200 1AC1 9627 E100 1039 0F83,0,15.006
2024-05-30 16:52:49,E200 1AC1 9627 E100 1039 0F83,0,5.005
2024-05-30 16:53:04,E200 1AC1 9627 E100 1039 0F83,0,15.004
2024-05-30 16:53:09,E200 1AC1 9627 E100 1039 0F83,0,5.003
2024-05-30 16:53:24,E200 1AC1 9627 E100 1039 0F83,0,15.005
2024-05-30 16:53:29,E200 1AC1 9627 E100 1039 0F83,0,5.003
2024-05-30 16:53:44,E200 1AC1 9627 E100 1039 0F83,0,15.005
2024-05-30 16:53:49,E200 1AC1 9627 E100 1039 0F83,0,5.003
2024-05-30 16:54:04,E200 1AC1 9627 E100 1039 0F83,0,15.004
2024-05-30 16:54:09,E200 1AC1 9627 E100 1039 0F83,0,5.003
2024-05-30 16:54:24,E200 1AC1 9627 E100 1039 0F83,0,15.005
2024-05-30 16:54:29,E200 1AC1 9627 E100 1039 0F83,0,5.003
2024-05-30 16:54:44,E200 1AC1 9627 E100 1039 0F83,0,15.004
2024-05-30 16:54:50,E200 1AC1 9627 E100 1039 0F83,0,5.003
2024-05-30 16:55:05,E200 1AC1 9627 E100 1039 0F83,0,15.005
2024-05-30 16:55:10,E200 1AC1 9627 E100 1039 0F83,0,5.003
2024-05-30 16:55:25,E200 1AC1 9627 E100 1039 0F83,0,15.003
2024-05-30 16:55:30,E200 1AC1 9627 E100 1039 0F83,0,5.004
2024-05-30 16:55:45,E200 1AC1 9627 E100 1039 0F83,0,15.005
2024-05-30 16:55:50,E200 1AC1 9627 E100 1039 0F83,0,5.003
2024-05-30 16:56:05,E200 1AC1 9627 E100 1039 0F83,0,15.005
2024-05-30 16:56:10,E200 1AC1 9627 E100 1039 0F83,0,5.003
2024-05-30 16:56:25,E200 1AC1 9627 E100 1039 0F83,0,15.004
2024-05-30 16:56:30,E200 1AC1 9627 E100 1039 0F83,0,5.003
2024-05-30 16:56:45,E200 1AC1 9627 E100 1039 0F83,0,15.006
2024-05-30 16:56:50,E200 1AC1 9627 E100 1039 0F83,0,5.005
2024-05-30 16:57:05,E200 1AC1 9627 E100 1039 0F83,0,15.004
2024-05-30 16:57:10,E200 1AC1 9627 E100 1039 0F83,0,5.002
2024-05-30 16:57:25,E200 1AC1 9627 E100 1039 0F83,0,15.005
2024-05-30 16:57:30,E200 1AC1 9627 C000 1039 0EFF,0,2581.116
2024-05-30 16:57:45,E200 1AC1 9627 C000 1039 0EFF,0,15.004
2024-05-30 16:57:50,E200 1AC1 9627 C000 1039 0EFF,0,5.004
2024-05-30 16:58:05,E200 1AC1 9627 C000 1039 0EFF,0,15.005
2024-05-30 16:58:10,E200 1AC1 9627 C000 1039 0EFF,0,5.003
2024-05-30 16:58:25,E200 1AC1 9627 C000 1039 0EFF,0,15.005
2024-05-30 16:58:30,E200 1AC1 9627 C000 1039 0EFF,0,5.004
2024-05-30 16:58:45,E200 1AC1 9627 C000 1039 0EFF,0,15.005
2024-05-30 16:58:50,E200 1AC1 9627 C000 1039 0EFF,0,5.004
2024-05-30 16:59:05,E200 1AC1 9627 C000 1039 0EFF,0,15.005
2024-05-30 16:59:10,E200 1AC1 9627 C000 1039 0EFF,0,5.003
2024-05-30 16:59:25,E200 1AC1 9627 C000 1039 0EFF,0,15.004
2024-05-30 16:59:30,E200 1AC1 9627 C000 1039 0EFF,0,5.003
2024-05-30 16:59:45,E200 1AC1 9627 C000 1039 0EFF,0,15.005
2024-05-30 16:59:50,E200 1AC1 9627 C000 1039 0EFF,0,5.002
2024-05-30 17:00:05,E200 1AC1 9627 C000 1039 0EFF,0,15.005
2024-05-30 17:00:10,E200 1AC1 9627 C000 1039 0EFF,0,5.003
2024-05-30 17:00:25,E200 1AC1 9627 C000 1039 0EFF,0,15.005
2024-05-30 17:00:30,E200 1AC1 9627 C000 1039 0EFF,0,5.004
2024-05-30 17:00:45,E200 1AC1 9627 C000 1039 0EFF,0,15.004
2024-05-30 17:00:50,E200 1AC1 9627 C000 1039 0EFF,0,5.003
2024-05-30 17:01:05,E200 1AC1 9627 C000 1039 0EFF,0,15.005
2024-05-30 17:01:10,E200 1AC1 9627 C000 1039 0EFF,0,5.007
2024-05-30 17:01:25,E200 1AC1 9627 C000 1039 0EFF,0,15.008
2024-05-30 17:01:30,E200 1AC1 9627 C000 1039 0EFF,0,5.003
2024-05-30 17:01:45,E200 1AC1 9627 C000 1039 0EFF,0,15.005
2024-05-30 17:01:50,E200 1AC1 9627 C000 1039 0EFF,0,5.003
2024-05-30 17:02:05,E200 1AC1 9627 C000 1039 0EFF,0,15.005
2024-05-30 17:02:10,E200 1AC1 9627 C000 1039 0EFF,0,5.004
